Item Name,Qty,Item link,Notes,Price (total) (USD)
esp c3 supermini,1,https://www.amazon.com/Teyleten-Robot-Development-Supermini-Bluetooth/dp/B0D47G24W3/ref=sr_1_1?crid=17FLQ0Q8W4RTN&dib=eyJ2IjoiMSJ9.tKywq10QxJoO6eq1yg4tS99od2XvxKdO_eIggTWlAL715jfpFSUBGlC11GrQ4oViN_nwpLnEBLzHmmeUA3tz-AqF_co8rAscvLOea1B7rqIWTRsfVto1QS6mC1dRHv7ihIBR7-OBlWB9gTHNJHZvgLLUmpBoNxlnKeLDO97PUEhqFJHaVtRDiOcD7mLpoOJK6UMdmOnCKMDM_GxB_0WXohLg8sWUiAqrbxKfOAfRV_I.RD2e-Jj1w9_Q3tn3cAyUgjqYKsJjTKcS_SQeca6GV-w&dib_tag=se&keywords=esp32+c3+supermini&qid=1791247712&sprefix=esp32+c3+supermi%2Caps%2C245&sr=8-1,This is sold in packs of 3,$12.99
usbc to usbc datacable,1,https://www.amazon.com/10Gbps-Transfer-Charging-Type-C-External/dp/B0FHGTV1R1/ref=sr_1_5?crid=33ACGKWIB6N4E&dib=eyJ2IjoiMSJ9.RgV8-JTvnPpJnNWkFXHM1R_LJYNcAvJebOrUyohKYt3XvhEhGZfJ70wZLx7T6tf2yVuYJjDRC76cn9OB21Q7BB2Im9BuC7vaMAKaNymphRNok545X3hais3fej04DVdVdhe2ssgnlU7Dj_0gfrsy6V0PHapIHLDdRJuaK2ndzHpF-244k12GzzAIBuw7dvZ3ISfgjnTWftkfiCWlju30Do372cZegbmyNFZ7hT4new0.MWqZtoUxRW8oGJ2hH_IGXOv_8avdKA_Ova7gqZryQxU&dib_tag=se&keywords=usb%2Bc%2Bto%2Busb%2Bc%2Bdata%2Bcable&qid=1791247784&sprefix=usb%2Bc%2Bto%2Busb%2Bc%2Bdata%2Bc%2Caps%2C405&sr=8-5&th=1,This is so I can transfer files from my computer to esp32,$6.99
3.7 volts Lipo,1,https://www.amazon.com/402030-Rechargeable-Replacement-Electronic-Bluetooth/dp/B09YQ2QPVL/ref=sr_1_1?dib=eyJ2IjoiMSJ9.nRsSXm06q8TsjE45Z_WBgfFAl7_FuVF76BJjVcOnsVw03YKd4TD7DdrMD119wDond0Dp2gYOqL-qc_fJWgGCoQIIOcfzX2WHONrSGZryzxLPXaYcigqPFt4SITL3_M4Vqtmi9aCVAeKatvXCWBbPadrTA_XWeI1fN0EKeqB76QCzg6q5NXVlpscetQtUr6q7r9nLK4-EtoalmO9Je8p77EqxZasfl7CeKzHaL3RaUqYnif_OjF3dNDG75CJNIO284X62n8neysTp1LYyxNmwnBHTFcvjNryDA7P4-GkQoG8.dwCnDiVTelStowKCqQRhPZTug7OqUenjVZtiY8-OnA0&dib_tag=se&keywords=lipo%2B3.7v%2B220mah&qid=1789074325&sr=8-1,,$11.00
adafruit time of flight sensor,1,https://www.amazon.com/dp/B0DGL2P6XC?lv=shuf&crid=1739E0NOWXX94&keywords=time%2Bof%2Bflight%2Bsensor&sprefix=time%2Bof%2Bflight%2Bs%2Caps%2C326&th=1&dib_tag=se&dib=eyJ2IjoiMSJ9.iQO-jnaddTQ-RgKpQpFJclxGYTdOWAWkr2tAcKyfz-d1DnmrnJRq_iYu0JRwFG051nFKsbWG5tl2EUyj812IlsVO5lmGtqi8150k6HptpBlOBhwLz-84Pd7KZTgzqLhMakNBcgyjdjLJZ-9JqPbOsOi4FGKpVpShmpcrNjEV2hLfJQ-cvjcrpXnrjwoXZArUoUxr3LzqM5BEFpxA_cNT7UxPhB8DFEeLih0lz9aD21A.ku8D_wpNatbilGR5N8KVgaljvtu9mXmpJHNlrNw_ihM&qid=1789075344&sr=8-3&channelId=500&ref_=sr_1_3_pp&plpRedirect=mhFallback,,$6.99
gyro/accelerometer,1,https://www.amazon.com/HiLetgo-MPU-6050-Accelerometer-Gyroscope-Converter/dp/B00LP25V1A/ref=sr_1_4?crid=1LPGP08BZSVSA&dib=eyJ2IjoiMSJ9.D75LAmktNfzc3v0s7tjJnHrokTm72RUl5EqJu2Y3x9a88qhm-MPW0lwl2jsGjo3zZrdcnqXp4Jlv9zk5pFxxs2eC-vluGml4zvBQto73Ii6TqWcGyrrKMCfGA6L94r2OlUATs51dsR-DlKBaxpzM5lbgjZac8oZfgJJsO4GZ3lXBfuto37ezD783R2MWPiFK2YiInZOB2i_bNPN3hmXHnrsZOwiQeplxFpget1rVnGs.IqEw9bt2I7Iub7qbK9iMF23NoZkyOfjBoNb9gi-BPPg&dib_tag=se&keywords=6%2Bdof%2Bsensor&qid=1789075430&sprefix=6%2Bdof%2Bsens%2Caps%2C300&sr=8-4&th=1,,$11.79
tiny whoop motors,1,https://www.amazon.com/gp/product/B01N9ETA9Z?ie=UTF8&linkCode=sl1&tag=maximaginatio-20&linkId=d6b1913793401950960ed46fa36f05a5&language=en_US&ref_=as_li_ss_tl&th=1,,$11.99
propellors,1,https://www.amazon.com/dp/B0B389WD1R?lv=shuf&crid=3MA723KIIJT16&keywords=blade%2Binductrix%2Bpropeller&sprefix=blade%2Binductrix%2Bpropell%2Caps%2C264&th=1&dib_tag=se&dib=eyJ2IjoiMSJ9.1qLAlSyPpZpIdEuJdy8fVjqM7QnYEAClQ44HiAD8SV-jcU0ZJNulEUTfc6E-Xy1zfl7Zd2jOI86F23LGHLYLoP77XLGH_N0A70puIE9Nuk4QnJ14iQsX495Oqwe3vLIN0BaClS90sd7Noo9haw6T4_TaU0pB5Ko_XwGa1HucUy1hEOeHawWR_t9jVbN1IrUmXnQ8w2brq-HVwAkAcE5AFx0082XeaSgP1K8oK4r7QOy7g-2jMCb_J1Vhhyj9C1jS2fKoAhP-ODU1kg4WUpdBiOU2ob2jNUhTYaXIrQUh4qc.rzMl3LBTWHZWxNFIzvejfTowu9bGyfd4yPJmZeN12-Y&qid=1789281565&sr=8-10&channelId=500&ref_=sr_1_10&plpRedirect=mhFallback,,$7.69
diodes,1,https://www.amazon.com/dp/B0FC2D2F9R?lv=shuf&crid=1F6030IXR02OV&keywords=in914%2Bdiode&sprefix=in914%2Caps%2C230&th=1&dib_tag=se&dib=eyJ2IjoiMSJ9.q1RIEfNOWW5FgQIGnP2i3f3kcJ0CbknPp4MjGYRMK38QkyRmCR1UXVYOcAYm5pcKekFXWsTNRV_4qxoNNC22CVK3uE0UVKog3U90QVzLsT3jngWFkdNrJKXo__b5-sbDbg_wvGDU1TER7o3CfKIJ31_UO19dX6Y5FoTDEyd7If8J3iUGyij9ggj0CY_4PAbXQ1ABfeDM91ppphZbVZK2hk5nKBrnAaWELiePIQX0ezU.p1FGNjYhV2lkF9urpigYAnPPUJoa8evxz65PCNfUOkE&qid=1789853414&sr=8-1&channelId=500&ref_=sr_1_1&plpRedirect=mhFallback,,$6.99
,,,,
,,,,
,,,,
,,,,
,,,,
,,,,
,,,,
,,,,
,,,,
,,,,
Total Price (USD):,$76.43,,,